Description,Price,Rating,URL
Raspberry Pi Camera Module V2 8MP 1080P for Raspberry Pi 4 3 B+ Zero,$28.59,4.7 out of 5 stars,https://www.amazon.com/gp/slredirect/picassoRedirect.html/ref=pa_sp_atf_aps_sr_pg1_1?ie=UTF8&adId=A01498901VP416R1XJB6L&url=%2FLABISTS-Raspberry-Camera-Official-8-megapixel%2Fdp%2FB07W6THFPH%2Fref%3Dsr_1_1_sspa%3Fdchild%3D1%26keywords%3Draspberry%2Bpi%2Bcamera%26qid%3D1603587319%26sr%3D8-1-spons%26psc%3D1&qualifier=1603587319&id=1281522405479665&widgetName=sp_atf
"Arducam Camera for Raspberry Pi, 16MP IMX298 MIPI Camera Module, Plugged into Native MIPI CSI-2 Port on Raspberry Pi",$59.99,3.9 out of 5 stars,https://www.amazon.com/gp/slredirect/picassoRedirect.html/ref=pa_sp_atf_aps_sr_pg1_1?ie=UTF8&adId=A0916777PXQ133RMDAKD&url=%2FArducam-Camera-IMX298-Raspberry-Plugged%2Fdp%2FB07W6LTFZC%2Fref%3Dsr_1_2_sspa%3Fdchild%3D1%26keywords%3Draspberry%2Bpi%2Bcamera%26qid%3D1603587319%26sr%3D8-2-spons%26psc%3D1&qualifier=1603587319&id=1281522405479665&widgetName=sp_atf
"Raspberry Pi Camera Module V2-8 Megapixel,1080p (RPI-CAM-V2)",$20.39,4.5 out of 5 stars,https://www.amazon.com/Raspberry-Pi-Camera-Module-Megapixel/dp/B01ER2SKFS/ref=sr_1_3?dchild=1&keywords=raspberry+pi+camera&qid=1603587319&sr=8-3
"5MP 1080P Video Camera Module for Raspberry Pi 4 Model B, Pi 3 b+, Pi Zero W Camera with Case Flex Cable (Camera + Holder)",$12.99,4.3 out of 5 stars,https://www.amazon.com/1080P-Camera-Module-Raspberry-Holder/dp/B07M9Q43MX/ref=sr_1_4?dchild=1&keywords=raspberry+pi+camera&qid=1603587319&sr=8-4
"DORHEA Raspberry Pi Mini Camera Video Module 5 Megapixels 1080p Sensor OV5647 Webcam for Raspberry Pi Model A/B/A+/B+, Pi 2B and Raspberry Pi 3B, Pi 3 B+, Raspberry Pi 4 B",$8.59,4.3 out of 5 stars,https://www.amazon.com/Raspberry-Camera-Module-Megapixels-Sensor/dp/B07L82XBNM/ref=sr_1_5?dchild=1&keywords=raspberry+pi+camera&qid=1603587319&sr=8-5
"for Raspberry pi Camera Day & Night Vision, IR-Cut Video Camera 1080p HD Webcam 5MP OV5647 Sensor for Raspberry Pi RPi 4 3 B B+ 2B 3A+ 2 1 Camera by Longruner",$24.99,4.3 out of 5 stars,https://www.amazon.com/Raspberry-Camera-Vision-IR-Cut-Longruner/dp/B07R4JH2ZV/ref=sr_1_6?dchild=1&keywords=raspberry+pi+camera&qid=1603587319&sr=8-6
Raspberry Pi Camera Module - 5 Megapixel (Night Vision),$14.99,4.1 out of 5 stars,https://www.amazon.com/gp/slredirect/picassoRedirect.html/ref=pa_sp_mtf_aps_sr_pg1_1?ie=UTF8&adId=A0271015NWTZM6XHU401&url=%2FRaspberry-Pi-Camera-Module-Megapixel%2Fdp%2FB07HMH1C59%2Fref%3Dsr_1_7_sspa%3Fdchild%3D1%26keywords%3Draspberry%2Bpi%2Bcamera%26qid%3D1603587319%26sr%3D8-7-spons%26psc%3D1&qualifier=1603587319&id=1281522405479665&widgetName=sp_mtf
"Raspberry Pi Camera Video Module 5 Megapixel 1080p Mini Webcam Sensor OV5647 for Raspberry Pi Model A/B/B+, RPi 2B Pi 3B 3B+ and Pi 4B",$8.37,4.3 out of 5 stars,https://www.amazon.com/Camera-Module-Raspberry-Webcam-Megapixel/dp/B07QNSJ32M/ref=sr_1_8?dchild=1&keywords=raspberry+pi+camera&qid=1603587319&sr=8-8
Raspberry Pi Camera Module V2 8MP 1080P for Raspberry Pi 4 3 B+ Zero,$28.59,4.7 out of 5 stars,https://www.amazon.com/LABISTS-Raspberry-Camera-Official-8-megapixel/dp/B07W6THFPH/ref=sr_1_9?dchild=1&keywords=raspberry+pi+camera&qid=1603587319&sr=8-9
"AuviPal 5 Megapixels Raspberry Pi Camera Module 1080p OV5647 Sensor with 6 inch 15 Pin Ribbon Cable for Model A/B/B+, Pi 2, 3, 3B+ and Pi 4",$8.99,4.3 out of 5 stars,https://www.amazon.com/AuviPal-Megapixels-Raspberry-Camera-Module/dp/B07PQ63D2S/ref=sr_1_10?dchild=1&keywords=raspberry+pi+camera&qid=1603587319&sr=8-10
"Arducam 5MP Camera for Raspberry Pi, 1080P HD OV5647 Camera Module V1 for Pi 4, Raspberry Pi 3, 3B+, and Other A/B Series, Pi Zero & W",$9.99,4.3 out of 5 stars,https://www.amazon.com/Arducam-Megapixels-Sensor-OV5647-Raspberry/dp/B012V1HEP4/ref=sr_1_11?dchild=1&keywords=raspberry+pi+camera&qid=1603587319&sr=8-11
"Arducam for Raspberry Pi Zero Camera Module, 5MP 1080P on Raspbian, MotionEye, Octopi and More (Cables in 2 Kinds)",$13.99,4.4 out of 5 stars,https://www.amazon.com/gp/slredirect/picassoRedirect.html/ref=pa_sp_mtf_aps_sr_pg1_1?ie=UTF8&adId=A069293316M3VWPEDXORX&url=%2FCamera-Arducam-Raspberry-Raspbian-MotionEye%2Fdp%2FB01LY05LOE%2Fref%3Dsr_1_12_sspa%3Fdchild%3D1%26keywords%3Draspberry%2Bpi%2Bcamera%26qid%3D1603587319%26sr%3D8-12-spons%26psc%3D1&qualifier=1603587319&id=1281522405479665&widgetName=sp_mtf
Raspberry Pi NoIR Camera Module V2 - 8MP 1080P30,$26.99,4.4 out of 5 stars,https://www.amazon.com/Raspberry-Pi-NoIR-Camera-Module/dp/B01ER2SMHY/ref=sr_1_13?dchild=1&keywords=raspberry+pi+camera&qid=1603587319&sr=8-13
"Jun-Electron for Raspberry Pi 4 Camera with Acrylic Holder Case, Infrared Night Vision 5M 1080p Video Webcam Compatible Suit for Raspberry Pi 3 B+/Pi 3/Pi Zero",$17.89,3.9 out of 5 stars,https://www.amazon.com/Raspberry-Camera-Acrylic-Infrared-Compatible/dp/B07RGKN6QT/ref=sr_1_14?dchild=1&keywords=raspberry+pi+camera&qid=1603587319&sr=8-14
"Raspberry Pi Camera Module V2-8 Megapixel,1080p (RPI-CAM-V2 + 20""/500mm Flex Cable + Pi Zero Cable)",$29.99,4.6 out of 5 stars,https://www.amazon.com/Arducam-Raspberry-Camera-Module-Megapixel/dp/B083BHJZ16/ref=sr_1_15?dchild=1&keywords=raspberry+pi+camera&qid=1603587319&sr=8-15
MakerFocus Raspberry Pi Zero Camera Night Vision Camera Adjustable-Focus Module 5MP OV5647 Webcam Video 1080p Compatible with Raspberry Zero W,$21.99,4.3 out of 5 stars,https://www.amazon.com/Makerfocus-Raspberry-Camera-Vision-Infrared/dp/B073HYJDCM/ref=sr_1_16?dchild=1&keywords=raspberry+pi+camera&qid=1603587319&sr=8-16
"Pi Camera, Arducam Octoprint Octopi Webcam, Monitor 3D Printer, 3.28FT/100CM Long Extension Flex Ribbon Cable for Raspberry Pi",$13.99,4.6 out of 5 stars,https://www.amazon.com/gp/slredirect/picassoRedirect.html/ref=pa_sp_mtf_aps_sr_pg1_1?ie=UTF8&adId=A07332093QVV5XODQUMSG&url=%2FArducam-Octoprint-Monitor-Extension-Raspberry%2Fdp%2FB07SN8HB1R%2Fref%3Dsr_1_17_sspa%3Fdchild%3D1%26keywords%3Draspberry%2Bpi%2Bcamera%26qid%3D1603587319%26sr%3D8-17-spons%26psc%3D1&qualifier=1603587319&id=1281522405479665&widgetName=sp_mtf
"Arducam Auto Focus Pi Camera, Autofocus for Raspberry Pi Camera Module, Motorized Focus Lens, Software Precise Manual Focus, OV5647 5MP 1080P",$14.99,4.5 out of 5 stars,https://www.amazon.com/Arducam-Autofocus-Raspberry-Motorized-Software/dp/B07SN8GYGD/ref=sr_1_18?dchild=1&keywords=raspberry+pi+camera&qid=1603587319&sr=8-18
"Arducam for Raspberry Pi Camera, Interchangeable CS Mount Lens for Pi 4, 3, 3B+, 5MP OV5647 1080P",$29.99,4.3 out of 5 stars,https://www.amazon.com/Arducam-Camera-Raspberry-Interchangeable-LS-2717CS/dp/B012ETE75I/ref=sr_1_19?dchild=1&keywords=raspberry+pi+camera&qid=1603587319&sr=8-19
Raspberry Pi Camera Module - 5 Megapixel (Night Vision),$14.99,4.1 out of 5 stars,https://www.amazon.com/Raspberry-Pi-Camera-Module-Megapixel/dp/B07HMH1C59/ref=sr_1_20?dchild=1&keywords=raspberry+pi+camera&qid=1603587319&sr=8-20
MakerFocus Raspberry Pi 4 Camera Night Vision Camera Adjustable-Focus Module 5MP OV5647 Webcam Video 1080p Compatible with Raspberry 3 B+/3B/2B+,$20.99,4.1 out of 5 stars,https://www.amazon.com/Makerfocus-Raspberry-Camera-Adjustable-Focus-Raspberry-pi/dp/B06XYDCN5N/ref=sr_1_21?dchild=1&keywords=raspberry+pi+camera&qid=1603587319&sr=8-21
Dorhea for Raspberry Pi 4 B 3 B+ Camera Module Automatic IR-Cut Switching Day/Night Vision Video Module Adjustable Focus 5MP OV5647 Sensor 1080p HD Webcam for Raspberry Pi 2/3 Model B Model A A+,$16.99,4.3 out of 5 stars,https://www.amazon.com/gp/slredirect/picassoRedirect.html/ref=pa_sp_btf_aps_sr_pg1_1?ie=UTF8&adId=A091677827YRCIG6MFY85&url=%2FDorhea-Raspberry-Camera-Automatic-Adjustable%2Fdp%2FB07DNSSDGG%2Fref%3Dsr_1_22_sspa%3Fdchild%3D1%26keywords%3Draspberry%2Bpi%2Bcamera%26qid%3D1603587319%26sr%3D8-22-spons%26psc%3D1&qualifier=1603587319&id=1281522405479665&widgetName=sp_btf
